Capítulo,nat_group,count,chapter_total,share_within_chapter
"Cap.15  EMBARAZO, PARTO Y PUERPERIO (O00-O9A)",Chilean,6185,7701,80.31424490325931
"Cap.15  EMBARAZO, PARTO Y PUERPERIO (O00-O9A)",Foreign,1516,7701,19.685755096740685
Cap.11  ENFERMEDADES DEL APARATO DIGESTIVO (K00-K95),Chilean,6503,6847,94.97590185482693
Cap.11  ENFERMEDADES DEL APARATO DIGESTIVO (K00-K95),Foreign,344,6847,5.024098145173069
"Cap.19  LESIONES TRAUMÁTICAS, ENVENENAMIENTOS Y OTRAS CONSECUENCIAS DE CAUSAS EXTERNAS (S00-T88)",Chilean,4689,4946,94.8038819247877
"Cap.19  LESIONES TRAUMÁTICAS, ENVENENAMIENTOS Y OTRAS CONSECUENCIAS DE CAUSAS EXTERNAS (S00-T88)",Foreign,257,4946,5.196118075212293
Cap.10  ENFERMEDADES DEL APARATO RESPIRATORIO (J00-J99),Chilean,4442,4550,97.62637362637363
Cap.10  ENFERMEDADES DEL APARATO RESPIRATORIO (J00-J99),Foreign,108,4550,2.3736263736263736
Cap.14  ENFERMEDADES DEL APARATO GENITOURINARIO (N00-N99),Chilean,3994,4259,93.77788213195586
Cap.14  ENFERMEDADES DEL APARATO GENITOURINARIO (N00-N99),Foreign,265,4259,6.222117868044142
Cap.09  ENFERMEDADES DEL APARATO CIRCULATORIO (I00-I99),Chilean,4124,4218,97.77145566619251
Cap.09  ENFERMEDADES DEL APARATO CIRCULATORIO (I00-I99),Foreign,94,4218,2.2285443338074917
Cap.02  NEOPLASIAS (C00-D49),Chilean,3136,3386,92.6166568222091
Cap.02  NEOPLASIAS (C00-D49),Foreign,250,3386,7.383343177790904
Cap.07  ENFERMEDADES DEL OJO Y SUS ANEXOS (H00-H59),Chilean,2946,3016,97.67904509283821
Cap.07  ENFERMEDADES DEL OJO Y SUS ANEXOS (H00-H59),Foreign,70,3016,2.320954907161804
Cap.21  FACTORES QUE INFLUYEN EN EL ESTADO DE SALUD Y CONTACTO CON LOS SERVICIOS SANITARIOS (Z00-Z99),Chilean,1230,1301,94.54265949269792
Cap.21  FACTORES QUE INFLUYEN EN EL ESTADO DE SALUD Y CONTACTO CON LOS SERVICIOS SANITARIOS (Z00-Z99),Foreign,71,1301,5.457340507302075
Cap.13  ENFERMEDADES DEL APARATO MUSCULOESQUELÉTICO Y DEL TEJIDO CONECTIVO (M00-M99),Chilean,1200,1242,96.61835748792271
Cap.13  ENFERMEDADES DEL APARATO MUSCULOESQUELÉTICO Y DEL TEJIDO CONECTIVO (M00-M99),Foreign,42,1242,3.3816425120772946
Cap.16  CIERTAS AFECCIONES ORIGINADAS EN EL PERÍODO PERINATAL (P00-P96),Chilean,1207,1207,100.0
"Cap.04  ENFERMEDADES ENDOCRINAS, NUTRICIONALES Y METABÓLICAS (E00-E89)",Chilean,1036,1069,96.91300280636108
"Cap.04  ENFERMEDADES ENDOCRINAS, NUTRICIONALES Y METABÓLICAS (E00-E89)",Foreign,33,1069,3.086997193638915
Cap.01  CIERTAS ENFERMEDADES INFECCIOSAS Y PARASITARIAS (A00-B99),Chilean,811,844,96.09004739336493
Cap.01  CIERTAS ENFERMEDADES INFECCIOSAS Y PARASITARIAS (A00-B99),Foreign,33,844,3.909952606635071
Cap.06  ENFERMEDADES DEL SISTEMA NERVIOSO (G00-G99),Chilean,735,762,96.45669291338582
Cap.06  ENFERMEDADES DEL SISTEMA NERVIOSO (G00-G99),Foreign,27,762,3.543307086614173
Cap.05  TRASTORNOS MENTALES Y DE COMPORTAMIENTO (F01-F99),Chilean,569,590,96.4406779661017
Cap.05  TRASTORNOS MENTALES Y DE COMPORTAMIENTO (F01-F99),Foreign,21,590,3.5593220338983054
Cap.12  ENFERMEDADES DE LA PIEL Y DEL TEJIDO SUBCUTÁNEO (L00-L99),Chilean,561,586,95.73378839590444
Cap.12  ENFERMEDADES DE LA PIEL Y DEL TEJIDO SUBCUTÁNEO (L00-L99),Foreign,25,586,4.266211604095563
"Cap.17  MALFORMACIONES CONGÉNITAS, DEFORMIDADES Y ANOMALÍAS CROMOSÓMICAS (Q00-Q99)",Chilean,547,570,95.96491228070175
"Cap.17  MALFORMACIONES CONGÉNITAS, DEFORMIDADES Y ANOMALÍAS CROMOSÓMICAS (Q00-Q99)",Foreign,23,570,4.035087719298246
"Cap.18  SÍNTOMAS, SIGNOS Y RESULTADOS ANORMALES DE PRUEBAS COMPLEMENTARIAS, NO CLASIFICADOS BAJO OTRO CONCEPTO (R00-R99)",Chilean,366,376,97.3404255319149
"Cap.18  SÍNTOMAS, SIGNOS Y RESULTADOS ANORMALES DE PRUEBAS COMPLEMENTARIAS, NO CLASIFICADOS BAJO OTRO CONCEPTO (R00-R99)",Foreign,10,376,2.6595744680851063
Cap.03  ENFERMEDADES DE LA SANGRE Y ÓRGANOS HEMATOPOYÉTICOS Y CIERTOS TRASTORNOS QUE AFECTAN AL MECANISMO INMUNOLÓGICO (D50-D89),Chilean,235,249,94.37751004016064
Cap.03  ENFERMEDADES DE LA SANGRE Y ÓRGANOS HEMATOPOYÉTICOS Y CIERTOS TRASTORNOS QUE AFECTAN AL MECANISMO INMUNOLÓGICO (D50-D89),Foreign,14,249,5.622489959839357
Cap.22  CÓDIGOS PARA SITUACIONES ESPECIALES (U00-U99),Chilean,237,242,97.93388429752066
Cap.22  CÓDIGOS PARA SITUACIONES ESPECIALES (U00-U99),Foreign,5,242,2.066115702479339
Cap.08  ENFERMEDADES DEL OÍDO Y DE LA APÓFISIS MASTOIDES (H60-H95),Chilean,119,123,96.7479674796748
Cap.08  ENFERMEDADES DEL OÍDO Y DE LA APÓFISIS MASTOIDES (H60-H95),Foreign,4,123,3.2520325203252036
